name,company,email,phone,city,state,country,"redirect","Country","IP","Referer","Server Time","Browser","User Agent"
"test","test","test@test.com","5555","55555","5555","5555",,"UNITED STATES","24.73.146.26","http://dreamfactoryproductions.com/clients/turbine-tech/2016-website/contact/","2016-03-17 11:01:31","Safari","Mozilla/5.0 (Windows NT 10.0; WOW64) AppleWebKit/537.36 (KHTML"
"Test 2","T2","test@test.com","222-333-3333","test","ttest","test",,"UNITED STATES","24.73.146.26","http://dreamfactoryproductions.com/clients/turbine-tech/2016-website/contact/","2016-03-18 11:05:35","Safari","Mozilla/5.0 (Windows NT 10.0; WOW64) AppleWebKit/537.36 (KHTML"
"Test3","t3","test@test.com","555-555-5555","test","ttest","test","./thank-you.php",UNITED STATES,24.73.146.26,http://dreamfactoryproductions.com/clients/turbine-tech/2016-website/contact/,2016-03-18 11:09:01,Safari,Mozilla/5.0 (Windows NT 10.0; WOW64) AppleWebKit/537.36 (KHTML, like Gecko) Chrome/49.0.2623.87 Safari/537.36
"Test 5","T5","test@test.com","555-555-5555","test","ttest","test",,UNITED STATES,24.73.146.26,http://dreamfactoryproductions.com/clients/turbine-tech/2016-website/contact/,2016-03-18 11:37:13,Safari,Mozilla/5.0 (Windows NT 10.0; WOW64) AppleWebKit/537.36 (KHTML, like Gecko) Chrome/49.0.2623.87 Safari/537.36
"Test 6","T6","test@test.com","555-555-5555","test","ttest","test",,UNITED STATES,24.73.146.26,http://dreamfactoryproductions.com/clients/turbine-tech/2016-website/contact/,2016-03-18 11:38:50,Safari,Mozilla/5.0 (Windows NT 10.0; WOW64) AppleWebKit/537.36 (KHTML, like Gecko) Chrome/49.0.2623.87 Safari/537.36
"test 7","t7","test@test.com","555-555-5555","test","ttest","test",,UNITED STATES,24.73.146.26,http://dreamfactoryproductions.com/clients/turbine-tech/2016-website/contact/,2016-03-18 11:39:42,Safari,Mozilla/5.0 (Windows NT 10.0; WOW64) AppleWebKit/537.36 (KHTML, like Gecko) Chrome/49.0.2623.87 Safari/537.36
"maria","dream factory","maria@dreamfactoryagency.com","test","test","test","test",,UNITED STATES,24.73.146.26,http://dreamfactoryproductions.com/clients/turbine-tech/2016-website/contact/,2016-03-23 13:29:49,Safari,Mozilla/5.0 (Windows NT 6.1; WOW64) AppleWebKit/537.36 (KHTML, like Gecko) Chrome/49.0.2623.87 Safari/537.36
"Test","Test","Test@test.com","","","","",,UNITED STATES,24.73.146.26,http://dreamfactoryproductions.com/clients/turbine-tech/2016-website/contact/,2016-03-23 14:29:47,Safari,Mozilla/5.0 (Windows NT 6.1; WOW64) AppleWebKit/537.36 (KHTML, like Gecko) Chrome/49.0.2623.87 Safari/537.36
"Test","test","test@test.com","555-555-5555","test","ttest","test",,UNITED STATES,24.73.146.26,http://dreamfactoryproductions.com/clients/turbine-tech/2016-website/contact/,2016-03-24 04:52:28,Safari,Mozilla/5.0 (Windows NT 10.0; WOW64) AppleWebKit/537.36 (KHTML, like Gecko) Chrome/49.0.2623.87 Safari/537.36
"Test","Test","Test@test.com","","","","",,UNITED STATES,24.73.146.26,http://dreamfactoryproductions.com/clients/turbine-tech/2016-website/contact/,2016-03-24 09:14:34,Safari,Mozilla/5.0 (Windows NT 6.1; WOW64) AppleWebKit/537.36 (KHTML, like Gecko) Chrome/49.0.2623.87 Safari/537.36
"test","test","","","","","",,UNITED STATES,24.73.146.26,http://dreamfactoryproductions.com/clients/turbine-tech/2016-website/contact/,2016-04-05 14:18:10,Safari,Mozilla/5.0 (Windows NT 10.0; WOW64) AppleWebKit/537.36 (KHTML, like Gecko) Chrome/49.0.2623.110 Safari/537.36
"","","","","","","",,UNKNOWN,::1,http://localhost/tts/2016-website/contact/,2016-05-04 19:19:25,Safari,Mozilla/5.0 (Windows NT 10.0; WOW64) AppleWebKit/537.36 (KHTML, like Gecko) Chrome/50.0.2661.94 Safari/537.36
"","","","","","","",,UNKNOWN,::1,http://localhost/tts/2016-website/contact/,2016-05-04 19:19:27,Safari,Mozilla/5.0 (Windows NT 10.0; WOW64) AppleWebKit/537.36 (KHTML, like Gecko) Chrome/50.0.2661.94 Safari/537.36
"","","","","","","",,UNKNOWN,::1,http://localhost/tts/2016-website/contact/,2016-05-04 23:11:52,Safari,Mozilla/5.0 (Windows NT 10.0; WOW64) AppleWebKit/537.36 (KHTML, like Gecko) Chrome/50.0.2661.94 Safari/537.36
"","","","","","","",,UNKNOWN,::1,http://localhost/tts/2016-website/contact/,2016-05-04 23:12:22,Safari,Mozilla/5.0 (Windows NT 10.0; WOW64) AppleWebKit/537.36 (KHTML, like Gecko) Chrome/50.0.2661.94 Safari/537.36
